Bakerloo,Harrow & Wealdstone
Bakerloo,Kenton
Bakerloo,South Kenton
Bakerloo,North Wembley
Bakerloo,Wembley Central
Bakerloo,Stonebridge Park
Bakerloo,Harlesden
Bakerloo,Willesden Junction
Bakerloo,Kensal Green
Bakerloo,Queen's Park
Bakerloo,Kilburn Park
Bakerloo,Maida Vale
Bakerloo,Warwick Avenue
Bakerloo,Paddington
Bakerloo,Edgware Road
Bakerloo,Marylebone
Bakerloo,Baker Street
Bakerloo,Regent's Park
Bakerloo,Oxford Circus
Bakerloo,Piccadilly Circus
Bakerloo,Charing Cross 
Bakerloo,Embankment
Bakerloo,Waterloo
Bakerloo,Lambeth North
Bakerloo,Elephant & Castle
Bakerloo,Harrow & Wealdstone
Bakerloo,Kenton
Bakerloo,South Kenton
Bakerloo,North Wembley
Bakerloo,Wembley Central
Bakerloo,Stonebridge Park
Bakerloo,Harlesden
Bakerloo,Willesden Junction
Bakerloo,Kensal Green
Bakerloo,Queen's Park
Bakerloo,Kilburn Park
Bakerloo,Maida Vale
Bakerloo,Warwick Avenue
Bakerloo,Paddington
Bakerloo,Edgware Road
Bakerloo,Marylebone
Bakerloo,Baker Street
Bakerloo,Regent's Park
Bakerloo,Oxford Circus
Bakerloo,Piccadilly Circus
Bakerloo,Charing Cross 
Bakerloo,Embankment
Bakerloo,Waterloo
Bakerloo,Lambeth North
Central,Epping 
Central,Theydon Bois
Central,Debden
Central,Loughton 
Central,Buckhurst Hill
Central,Woodford
Central,South Woodford
Central,Snaresbrook 
Central,Roding Valley
Central,Chigwell
Central,Grange Hill
Central,Hainault
Central,Fairlop
Central,Barkingside
Central,Newbury Park
Central,Gants Hill
Central,Redbridge
Central,Wanstead
Central,Leytonstone
Central,Leyton
Central,Stratford
Central,Mile End
Central,Bethnal Green
Central,Liverpool Street
Central,Bank
Central,St. Paul's
Central,Chancery Lane
Central,Holborn
Central,Tottenham
Central,Oxford Circus
Central,Bond Street
Central,Marble Arch
Central,Lancaster Gate
Central,Queensway
Central,Notting Hill Gate
Central,Holland Park
Central,Shepherd's Bush
Central,White City
Central,East Acton
Central,North Acton
Central,West Acton
Central,Ealing Broadway
Central,Hanger Lane 
Central,Perivale
Central,Greenford
Central,Northolt 
Central,South Ruislip
Central,Ruislip Gardens
Central,West Ruislip
Central,Epping 
Central,Theydon Bois
Central,Debden
Central,Loughton 
Central,Buckhurst Hill
Central,Woodford
Central,South Woodford
Central,Snaresbrook 
Central,Roding Valley
Central,Roding Valley
Central,Chigwell
Central,Grange Hill
Central,Hainault
Central,Fairlop
Central,Barkingside
Central,Newbury Park
Central,Gants Hill
Central,Redbridge
Central,Wanstead
Central,Leytonstone
Central,Leyton
Central,Stratford
Central,Mile End
Central,Bethnal Green
Central,Liverpool Street
Central,Bank
Central,St. Paul's
Central,Chancery Lane
Central,Holborn
Central,Tottenham
Central,Oxford Circus
Central,Bond Street
Central,Marble Arch
Central,Lancaster Gate
Central,Queensway
Central,Notting Hill Gate
Central,Holland Park
Central,Shepherd's Bush
Central,White City
Central,East Acton
Central,North Acton
Central,North Acton
Central,West Acton
Central,Hanger Lane 
Central,Perivale
Central,Greenford
Central,Northolt 
Central,South Ruislip
Central,Ruislip Gardens
Circle,Edgware Road 
Circle,Paddington
Circle,Bayswater
Circle,Notting Hill Gate
Circle,High Street Kensington
Circle,Gloucester Road
Circle,South Kensington
Circle,Sloane Square
Circle,Victoria
Circle,St. James's Park
Circle,Westminster
Circle,Embankment
Circle,Temple
Circle,Blackfriars
Circle,Mansion House
Circle,Cannon Street
Circle,Monument
Circle,Tower Hill
Circle,Aldgate
Circle,Liverpool Street
Circle,Moorgate
Circle,Barbican
Circle,Farringdon
Circle,King's Cross St. Pancras
Circle,Euston Square
Circle,Great Portland Street
Circle,Baker Street
Circle,Royal Oak 
Circle,Westbourne Park 
Circle,Ladbroke Grove 
Circle,Latimer Road 
Circle,Wood Lane 
Circle,Shepherd's Bush Market 
Circle,Goldhawk Road 
Circle,Hammersmith 
Circle,Edgware Road 
Circle,Paddington
Circle,Bayswater
Circle,Notting Hill Gate
Circle,High Street Kensington
Circle,Gloucester Road
Circle,South Kensington
Circle,Sloane Square
Circle,Victoria
Circle,St. James's Park
Circle,Westminster
Circle,Embankment
Circle,Temple
Circle,Blackfriars
Circle,Mansion House
Circle,Cannon Street
Circle,Monument
Circle,Tower Hill
Circle,Aldgate
Circle,Liverpool Street
Circle,Moorgate
Circle,Barbican
Circle,Farringdon
Circle,King's Cross St. Pancras
Circle,Euston Square
Circle,Great Portland Street
Circle,Baker Street
,Paddington
Circle,Royal Oak 
Circle,Westbourne Park 
Circle,Ladbroke Grove 
Circle,Latimer Road 
Circle,Wood Lane 
Circle,Shepherd's Bush Market 
Circle,Goldhawk Road 
District,Upminster
District,Upminster Bridge
District,Hornchurch
District,Elm Park
District,Dagenham East
District,Dagenham Heathway
District,Becontree
District,Upney
District,Barking
District,East Ham
District,Upton Park
District,Plaistow
District,West Ham
District,Bromley-by-Bow
District,Bow Road
District,Mile End
District,Stepney Green
District,Whitechapel
District,Aldgate East
District,Tower Hill
District,Monument
District,Cannon Street
District,Mansion House
District,Blackfriars
District,Temple
District,Embankment
District,Westminster
District,St. James's Park
District,Victoria
District,Sloane Square
District,South Kensington
District,Gloucester Road
District,Earl's Court
District,Kensington (Olympia)
District,High Street Kensington
District,Notting Hill Gate
District,Bayswater
District,Paddington
District,Edgware Road
District,West Brompton
District,Fulham Broadway
District,Parsons Green
District,Putney Bridge
District,East Putney
District,Southfields
District,Wimbledon Park
District,Wimbledon
District,West Kensington
District,Barons Court
District,Hammersmith
District,Ravenscourt Park
District,Stamford Brook
District,Turnham Green
District,Gunnersbury
District,Kew Gardens
District,Richmond 
District,Chiswick Park
District,Acton Town
District,Ealing Common
District,Ealing Broadway
District,Upminster
District,Upminster Bridge
District,Hornchurch
District,Elm Park
District,Dagenham East
District,Dagenham Heathway
District,Becontree
District,Upney
District,Barking
District,East Ham
District,Upton Park
District,Plaistow
District,West Ham
District,Bromley-by-Bow
District,Bow Road
District,Mile End
District,Stepney Green
District,Whitechapel
District,Aldgate East
District,Tower Hill
District,Monument
District,Cannon Street
District,Mansion House
District,Blackfriars
District,Temple
District,Embankment
District,Westminster
District,St. James's Park
District,Victoria
District,Sloane Square
District,South Kensington
District,Gloucester Road
District,Earl's Court
District,Earl's Court
District,High Street Kensington
District,Notting Hill Gate
District,Bayswater
District,Paddington
District,Earl's Court
District,West Brompton
District,Fulham Broadway
District,Parsons Green
District,Putney Bridge
District,East Putney
District,Southfields
District,Wimbledon Park
District,Earl's Court
District,West Kensington
District,Barons Court
District,Hammersmith
District,Ravenscourt Park
District,Stamford Brook
District,Turnham Green
District,Gunnersbury
District,Kew Gardens
District,Turnham Green
District,Chiswick Park
District,Acton Town
District,Ealing Common
Hammersmith & City,Barking
Hammersmith & City,East Ham
Hammersmith & City,Upton Park
Hammersmith & City,Plaistow
Hammersmith & City,West Ham
Hammersmith & City,Bromley-by-Bow
Hammersmith & City,Bow Road
Hammersmith & City,Mile End
Hammersmith & City,Stepney Green
Hammersmith & City,Whitechapel
Hammersmith & City,Aldgate East
Hammersmith & City,Liverpool Street
Hammersmith & City,Moorgate
Hammersmith & City,Barbican
Hammersmith & City,Farringdon
Hammersmith & City,King's Cross St. Pancras
Hammersmith & City,Euston Square
Hammersmith & City,Great Portland Street
Hammersmith & City,Baker Street
Hammersmith & City,Edgware Road
Hammersmith & City,Paddington
Hammersmith & City,Royal Oak
Hammersmith & City,Westbourne Park
Hammersmith & City,Ladbroke Grove
Hammersmith & City,Latimer Road
Hammersmith & City,Wood Lane
Hammersmith & City,Shepherd's Bush Market
Hammersmith & City,Goldhawk Road
Hammersmith & City,Hammersmith
Hammersmith & City,Barking
Hammersmith & City,East Ham
Hammersmith & City,Upton Park
Hammersmith & City,Plaistow
Hammersmith & City,West Ham
Hammersmith & City,Bromley-by-Bow
Hammersmith & City,Bow Road
Hammersmith & City,Mile End
Hammersmith & City,Stepney Green
Hammersmith & City,Whitechapel
Hammersmith & City,Aldgate East
Hammersmith & City,Liverpool Street
Hammersmith & City,Moorgate
Hammersmith & City,Barbican
Hammersmith & City,Farringdon
Hammersmith & City,King's Cross St. Pancras
Hammersmith & City,Euston Square
Hammersmith & City,Great Portland Street
Hammersmith & City,Baker Street
Hammersmith & City,Edgware Road
Hammersmith & City,Paddington
Hammersmith & City,Royal Oak
Hammersmith & City,Westbourne Park
Hammersmith & City,Ladbroke Grove
Hammersmith & City,Latimer Road
Hammersmith & City,Wood Lane
Hammersmith & City,Shepherd's Bush Market
Hammersmith & City,Goldhawk Road
Jubilee,Stanmore
Jubilee,Canons Park
Jubilee,Queensbury
Jubilee,Kingsbury
Jubilee,Wembley Park
Jubilee,Neasden
Jubilee,Dollis Hill
Jubilee,Willesden Green
Jubilee,Kilburn
Jubilee,West Hampstead
Jubilee,Finchley Road
Jubilee,Swiss Cottage
Jubilee,St. John's Wood
Jubilee,Baker Street
Jubilee,Bond Street
Jubilee,Green Park
Jubilee,Westminster
Jubilee,Waterloo
Jubilee,Southwark
Jubilee,London Bridge
Jubilee,Bermondsey
Jubilee,Canada Water
Jubilee,Canary Wharf
Jubilee,North Greenwich
Jubilee,Canning Town
Jubilee,West Ham
Jubilee,Stratford
Jubilee,Stanmore
Jubilee,Canons Park
Jubilee,Queensbury
Jubilee,Kingsbury
Jubilee,Wembley Park
Jubilee,Neasden
Jubilee,Dollis Hill
Jubilee,Willesden Green
Jubilee,Kilburn
Jubilee,West Hampstead
Jubilee,Finchley Road
Jubilee,Swiss Cottage
Jubilee,St. John's Wood
Jubilee,Baker Street
Jubilee,Bond Street
Jubilee,Green Park
Jubilee,Westminster
Jubilee,Waterloo
Jubilee,Southwark
Jubilee,London Bridge
Jubilee,Bermondsey
Jubilee,Canada Water
Jubilee,Canary Wharf
Jubilee,North Greenwich
Jubilee,Canning Town
Jubilee,West Ham
Metropolitan,Amersham
Metropolitan,Chesham
Metropolitan,Chalfont & Latimer
Metropolitan,Chorleywood
Metropolitan,Rickmansworth
Metropolitan,Watford
Metropolitan,Croxley
Metropolitan,Uxbridge
Metropolitan,Hillingdon
Metropolitan,Ickenham
Metropolitan,Ruislip
Metropolitan,Ruislip Manor
Metropolitan,Eastcote
Metropolitan,Rayners Lane
Metropolitan,West Harrow
Metropolitan,Harrow-on-the-Hill
Metropolitan,North Harrow
Metropolitan,Pinner
Metropolitan,Northwood Hills
Metropolitan,Northwood
Metropolitan,Moor Park
Metropolitan,Northwick Park
Metropolitan,Preston Road
Metropolitan,Wembley Park
Metropolitan,Finchley Road
Metropolitan,Baker Street
Metropolitan,Great Portland Street
Metropolitan,Euston Square
Metropolitan,King's Cross St. Pancras
Metropolitan,Farringdon
Metropolitan,Barbican
Metropolitan,Moorgate
Metropolitan,Liverpool Street
Metropolitan,Aldgate
Metropolitan,Amersham
Metropolitan,Chesham
Metropolitan,Chalfont & Latimer
Metropolitan,Chorleywood
Metropolitan,Rickmansworth
Metropolitan,Watford
Metropolitan,Croxley
Metropolitan,Uxbridge
Metropolitan,Hillingdon
Metropolitan,Ickenham
Metropolitan,Ruislip
Metropolitan,Ruislip Manor
Metropolitan,Eastcote
Metropolitan,Rayners Lane
Metropolitan,West Harrow
Metropolitan,Harrow-on-the-Hill
Metropolitan,North Harrow
Metropolitan,Pinner
Metropolitan,Northwood Hills
Metropolitan,Northwood
Metropolitan,Moor Park
Metropolitan,Harrow-on-the-Hill
Metropolitan,Harrow-on-the-Hill
Metropolitan,Harrow-on-the-Hill
Metropolitan,Northwick Park
Metropolitan,Preston Road
Metropolitan,Wembley Park
Metropolitan,Finchley Road
Metropolitan,Baker Street
Metropolitan,Great Portland Street
Metropolitan,Euston Square
Metropolitan,King's Cross St. Pancras
Metropolitan,Farringdon
Metropolitan,Barbican
Metropolitan,Moorgate
Metropolitan,Liverpool Street
Northern,High Barnet
Northern,Totteridge & Whetstone
Northern,Woodside Park
Northern,West Finchley
Northern,Mill Hill East
Northern,Finchley Central
Northern,East Finchley
Northern,Highgate
Northern,Archway
Northern,Tufnell Park
Northern,Kentish Town
Northern,Edgware
Northern,Burnt Oak
Northern,Colindale
Northern,Hendon Central
Northern,Brent Cross
Northern,Golders Green
Northern,Hampstead
Northern,Belsize Park
Northern,Chalk Farm
Northern,Camden Town
Northern,Mornington Crescent
Northern,Warren Street
Northern,Goodge Street
Northern,Tottenham Court Road
Northern,Leicester Square
Northern,Charing Cross
Northern,Embankment
Northern,Waterloo
Northern,Euston
Northern,King's Cross St. Pancras
Northern,Angel
Northern,Old Street
Northern,Moorgate
Northern,Bank
Northern,London Bridge
Northern,Borough
Northern,Elephant & Castle
Northern,Kennington
Northern,Oval
Northern,Stockwell
Northern,Clapham North
Northern,Clapham Common
Northern,Clapham South
Northern,Balham
Northern,Tooting Bec
Northern,Tooting Broadway
Northern,Colliers Wood
Northern,South Wimbledon
Northern,Morden 
Northern,High Barnet
Northern,Totteridge & Whetstone
Northern,Woodside Park
Northern,West Finchley
Northern,Mill Hill East
Northern,Finchley Central
Northern,East Finchley
Northern,Highgate
Northern,Archway
Northern,Tufnell Park
Northern,Kentish Town
Northern,Edgware
Northern,Burnt Oak
Northern,Colindale
Northern,Hendon Central
Northern,Brent Cross
Northern,Golders Green
Northern,Hampstead
Northern,Belsize Park
Northern,Chalk Farm
Northern,Camden Town
Northern,Mornington Crescent
Northern,Warren Street
Northern,Warren Street
Northern,Goodge Street
Northern,Tottenham Court Road
Northern,Leicester Square
Northern,Charing Cross
Northern,Embankment
Northern,Waterloo
Northern,Euston
Northern,Euston
Northern,King's Cross St. Pancras
Northern,Angel
Northern,Old Street
Northern,Moorgate
Northern,Bank
Northern,London Bridge
Northern,Borough
Northern,Elephant & Castle
Northern,Kennington
Northern,Oval
Northern,Stockwell
Northern,Clapham North
Northern,Clapham Common
Northern,Clapham South
Northern,Balham
Northern,Tooting Bec
Northern,Tooting Broadway
Northern,Colliers Wood
Northern,South Wimbledon
Piccadilly,Cockfosters
Piccadilly,Oakwood
Piccadilly,Southgate
Piccadilly,Arnos Grove
Piccadilly,Bounds Green
Piccadilly,Wood Green
Piccadilly,Turnpike Lane
Piccadilly,Manor House
Piccadilly,Finsbury Park Victoria
Piccadilly,Arsenal
Piccadilly,Holloway Road
Piccadilly,Caledonian Road
Piccadilly,King's Cross St. Pancras
Piccadilly,Russell Square
Piccadilly,Holborn Central
Piccadilly,Covent Garden
Piccadilly,Leicester Square
Piccadilly,Piccadilly Circus
Piccadilly,Green Park
Piccadilly,Hyde Park Corner
Piccadilly,Knightsbridge
Piccadilly,South Kensington
Piccadilly,Gloucester Road
Piccadilly,Earl's Court
Piccadilly,Barons Court
Piccadilly,Hammersmith
Piccadilly,Turnham Green
Piccadilly,Acton Town
Piccadilly,South Ealing
Piccadilly,Northfields
Piccadilly,Boston Manor
Piccadilly,Osterley
Piccadilly,Hounslow East
Piccadilly,Hounslow Central
Piccadilly,Hounslow West
Piccadilly,Hatton Cross
Piccadilly,"Heathrow Terminals 1, 2, 3"
Piccadilly,Heathrow Terminal 5
Piccadilly,Heathrow Terminal 4
Piccadilly,Ealing Common
Piccadilly,North Ealing
Piccadilly,Park Royal
Piccadilly,Alperton
Piccadilly,Sudbury Town
Piccadilly,Sudbury Hill
Piccadilly,South Harrow
Piccadilly,Rayners Lane
Piccadilly,Eastcote
Piccadilly,Ruislip Manor
Piccadilly,Ruislip
Piccadilly,Ickenham
Piccadilly,Hillingdon
Piccadilly,Uxbridge
Piccadilly,Cockfosters
Piccadilly,Oakwood
Piccadilly,Southgate
Piccadilly,Arnos Grove
Piccadilly,Bounds Green
Piccadilly,Wood Green
Piccadilly,Turnpike Lane
Piccadilly,Manor House
Piccadilly,Finsbury Park Victoria
Piccadilly,Arsenal
Piccadilly,Holloway Road
Piccadilly,Caledonian Road
Piccadilly,King's Cross St. Pancras
Piccadilly,Russell Square
Piccadilly,Holborn Central
Piccadilly,Covent Garden
Piccadilly,Leicester Square
Piccadilly,Piccadilly Circus
Piccadilly,Green Park
Piccadilly,Hyde Park Corner
Piccadilly,Knightsbridge
Piccadilly,South Kensington
Piccadilly,Gloucester Road
Piccadilly,Earl's Court
Piccadilly,Barons Court
Piccadilly,Hammersmith
Piccadilly,Hammersmith
Piccadilly,Turnham Green
Piccadilly,Acton Town
Piccadilly,South Ealing
Piccadilly,Northfields
Piccadilly,Boston Manor
Piccadilly,Osterley
Piccadilly,Hounslow East
Piccadilly,Hounslow Central
Piccadilly,Hounslow West
Piccadilly,Hatton Cross
Piccadilly,"Heathrow Terminals 1, 2, 3"
Piccadilly,Hatton Cross
Piccadilly,Acton Town
Piccadilly,Ealing Common
Piccadilly,North Ealing
Piccadilly,Park Royal
Piccadilly,Alperton
Piccadilly,Sudbury Town
Piccadilly,Sudbury Hill
Piccadilly,South Harrow
Piccadilly,Rayners Lane
Piccadilly,Eastcote
Piccadilly,Ruislip Manor
Piccadilly,Ruislip
Piccadilly,Ickenham
Piccadilly,Hillingdon
Victoria,Walthamstow Central
Victoria,Blackhorse Road
Victoria,Tottenham Hale
Victoria,Seven Sisters
Victoria,Finsbury Park
Victoria,Highbury & Islington
Victoria,King's Cross St. Pancras
Victoria,Euston
Victoria,Warren Street
Victoria,Oxford Circus
Victoria,Green Park
Victoria,Victoria
Victoria,Pimlico
Victoria,Vauxhall
Victoria,Stockwell
Victoria,Brixton
Victoria,Walthamstow Central
Victoria,Blackhorse Road
Victoria,Tottenham Hale
Victoria,Seven Sisters
Victoria,Finsbury Park
Victoria,Highbury & Islington
Victoria,King's Cross St. Pancras
Victoria,Euston
Victoria,Warren Street
Victoria,Oxford Circus
Victoria,Green Park
Victoria,Victoria
Victoria,Pimlico
Victoria,Vauxhall
Victoria,Stockwell
Waterloo & City,Bank
Waterloo & City,Waterloo
Waterloo & City,Bank
